Workbook

Sheet Léeme
A1: Plantilla de evaluación de accesibilidad web: WCAG 2.2, niveles A y AA, más el 4.1.1 de WCAG 2.1 y siete criterios AAA del anexo de 2022
A2: Material de Silvia Da Rosa, octubre de 2026. Licencia CC BY-SA 4.0. Sin mantenimiento.
A4: Cómo se usa
A5: 1. En la hoja Criterios, completá solo las columnas amarillas: Resultado, Evidencia o página, Cómo se verificó, Observaciones y Evaluador.
A6: 2. Resultado se elige de una lista: Cumple, No cumple, No aplica o No evaluado. Todas las filas arrancan en No evaluado.
A7: 3. La hoja Resumen cuenta los resultados por nivel, para toda la lista y para los criterios que exige el Decreto 406/022. Se actualiza sola.
A8: 4. Para evaluar un sitio completo, esta lista no alcanza: conviene seguir una metodología, como WCAG-EM del W3C, y elegir una muestra de páginas.
A10: Dos referencias a la vez
A11: La lista tiene 63 filas: los 55 criterios de nivel A y AA de WCAG 2.2, el 4.1.1 (Procesamiento), que WCAG 2.2 eliminó pero que sigue vigente en WCAG 2.1, y siete criterios de nivel AAA.
A12: La columna Exigido hoy según AGESIC marca con Sí los 55 criterios de nivel A y AA de WCAG 2.2. Es el punto de partida que fija la guía de evaluación de AGESIC de septiembre de 2026 (mínimo nivel AA, sin perjuicio de criterios adicionales). Las filas marcadas No son el 4.1.1, que WCAG 2.2 eliminó, y siete criterios AAA que pedía el anexo de 2022 del Decreto 406/022 (1.4.6, 1.4.8, 2.2.6, 2.4.8, 2.4.10, 2.5.5 y 3.2.5). Se conservan por si tenés que evaluar contra esa versión.
A13: Ojo: el artículo 3 del decreto encarga a AGESIC actualizar los requisitos de forma periódica. Verificá la versión vigente en el sitio de AGESIC antes de evaluar un producto. AGESIC publica además su propia herramienta de evaluación en planilla para WCAG 2.2.
A14: Qué no incluye
... A18: Ejemplo de una fila completada
A19: Criterio | B19: Nombre | C19: Resultado | D19: Evidencia o página | E19: Cómo se verificó | F19: Observaciones | G19: Evaluador
A20: 1.4.3 | B20: Contraste (mínimo) | C20: No cumple | D20: /contacto, botón Enviar | E20: Medido con una herramienta de contraste | F20: Texto gris claro sobre blanco, relación menor a 4,5:1 | G20: Nombre del evaluador

Sheet Criterios
A1: Criterio | B1: Nombre | C1: Nivel | D1: Principio | E1: Aparece desde | F1: Exigido hoy según AGESIC (WCAG 2.2, A y AA) | G1: Resultado | H1: Evidencia o página | I1: Cómo se verificó | J1: Observaciones | K1: Evaluador
A2: 1.1.1 | B2: Contenido no textual | C2: A | D2: Perceptible | E2: WCAG 2.0 | F2: Sí | G2: No evaluado
A3: 1.2.1 | B3: Solo audio y solo video (grabado) | C3: A | D3: Perceptible | E3: WCAG 2.0 | F3: Sí | G3: No evaluado
A4: 1.2.2 | B4: Subtítulos (grabados) | C4: A | D4: Perceptible | E4: WCAG 2.0 | F4: Sí | G4: No evaluado
A5: 1.2.3 | B5: Audiodescripción o medio alternativo (grabado) | C5: A | D5: Perceptible | E5: WCAG 2.0 | F5: Sí | G5: No evaluado
A6: 1.2.4 | B6: Subtítulos (en directo) | C6: AA | D6: Perceptible | E6: WCAG 2.0 | F6: Sí | G6: No evaluado
A7: 1.2.5 | B7: Audiodescripción (grabado) | C7: AA | D7: Perceptible | E7: WCAG 2.0 | F7: Sí | G7: No evaluado
A8: 1.3.1 | B8: Información y relaciones | C8: A | D8: Perceptible | E8: WCAG 2.0 | F8: Sí | G8: No evaluado
A9: 1.3.2 | B9: Secuencia significativa | C9: A | D9: Perceptible | E9: WCAG 2.0 | F9: Sí | G9: No evaluado
A10: 1.3.3 | B10: Características sensoriales | C10: A | D10: Perceptible | E10: WCAG 2.0 | F10: Sí | G10: No evaluado
A11: 1.3.4 | B11: Orientación | C11: AA | D11: Perceptible | E11: WCAG 2.1 | F11: Sí | G11: No evaluado
A12: 1.3.5 | B12: Identificar el propósito de los campos | C12: AA | D12: Perceptible | E12: WCAG 2.1 | F12: Sí | G12: No evaluado
A13: 1.4.1 | B13: Uso del color | C13: A | D13: Perceptible | E13: WCAG 2.0 | F13: Sí | G13: No evaluado
... A64: 4.1.3 | B64: Mensajes de estado | C64: AA | D64: Robusto | E64: WCAG 2.1 | F64: Sí | G64: No evaluado

Sheet Resumen
A1: Resumen de resultados
A3: Toda la lista (63 criterios)
A4: Resultado | B4: Nivel A | C4: Nivel AA | D4: Nivel AAA | E4: Total
A5: Cumple | B5: =COUNTIFS(Criterios!$C$2:$C$64,"A",Criterios!$G$2:$G$64,$A5) -> 0 | C5: =COUNTIFS(Criterios!$C$2:$C$64,"AA",Criterios!$G$2:$G$64,$A5) -> 0 | D5: =COUNTIFS(Criterios!$C$2:$C$64,"AAA",Criterios!$G$2:$G$64,$A5) -> 0 | E5: =B5+C5+D5 -> 0
A6: No cumple | B6: =COUNTIFS(Criterios!$C$2:$C$64,"A",Criterios!$G$2:$G$64,$A6) -> 0 | C6: =COUNTIFS(Criterios!$C$2:$C$64,"AA",Criterios!$G$2:$G$64,$A6) -> 0 | D6: =COUNTIFS(Criterios!$C$2:$C$64,"AAA",Criterios!$G$2:$G$64,$A6) -> 0 | E6: =B6+C6+D6 -> 0
A7: No aplica | B7: =COUNTIFS(Criterios!$C$2:$C$64,"A",Criterios!$G$2:$G$64,$A7) -> 0 | C7: =COUNTIFS(Criterios!$C$2:$C$64,"AA",Criterios!$G$2:$G$64,$A7) -> 0 | D7: =COUNTIFS(Criterios!$C$2:$C$64,"AAA",Criterios!$G$2:$G$64,$A7) -> 0 | E7: =B7+C7+D7 -> 0
A8: No evaluado | B8: =COUNTIFS(Criterios!$C$2:$C$64,"A",Criterios!$G$2:$G$64,$A8) -> 32 | C8: =COUNTIFS(Criterios!$C$2:$C$64,"AA",Criterios!$G$2:$G$64,$A8) -> 24 | D8: =COUNTIFS(Criterios!$C$2:$C$64,"AAA",Criterios!$G$2:$G$64,$A8) -> 7 | E8: =B8+C8+D8 -> 63
A9: Total de criterios | B9: =SUM(B5:B8) -> 32 | C9: =SUM(C5:C8) -> 24 | D9: =SUM(D5:D8) -> 7 | E9: =SUM(E5:E8) -> 63
A10: Porcentaje evaluado (distinto de No evaluado) | E10: =IFERROR(1-E8/E9,0) -> 0
A12: Solo los criterios exigidos hoy según AGESIC (55 criterios)
A13: Resultado | B13: Nivel A | C13: Nivel AA | D13: Nivel AAA | E13: Total
A14: Cumple | B14: =COUNTIFS(Criterios!$C$2:$C$64,"A",Criterios!$G$2:$G$64,$A14,Criterios!$F$2:$F$64,"Sí") -> 0 | C14: =COUNTIFS(Criterios!$C$2:$C$64,"AA",Criterios!$G$2:$G$64,$A14,Criterios!$F$2:$F$64,"Sí") -> 0 | D14: =COUNTIFS(Criterios!$C$2:$C$64,"AAA",Criterios!$G$2:$G$64,$A14,Criterios!$F$2:$F$64,"Sí") -> 0 | E14: =B14+C14+D14 -> 0
A15: No cumple | B15: =COUNTIFS(Criterios!$C$2:$C$64,"A",Criterios!$G$2:$G$64,$A15,Criterios!$F$2:$F$64,"Sí") -> 0 | C15: =COUNTIFS(Criterios!$C$2:$C$64,"AA",Criterios!$G$2:$G$64,$A15,Criterios!$F$2:$F$64,"Sí") -> 0 | D15: =COUNTIFS(Criterios!$C$2:$C$64,"AAA",Criterios!$G$2:$G$64,$A15,Criterios!$F$2:$F$64,"Sí") -> 0 | E15: =B15+C15+D15 -> 0
A16: No aplica | B16: =COUNTIFS(Criterios!$C$2:$C$64,"A",Criterios!$G$2:$G$64,$A16,Criterios!$F$2:$F$64,"Sí") -> 0 | C16: =COUNTIFS(Criterios!$C$2:$C$64,"AA",Criterios!$G$2:$G$64,$A16,Criterios!$F$2:$F$64,"Sí") -> 0 | D16: =COUNTIFS(Criterios!$C$2:$C$64,"AAA",Criterios!$G$2:$G$64,$A16,Criterios!$F$2:$F$64,"Sí") -> 0 | E16: =B16+C16+D16 -> 0
A17: No evaluado | B17: =COUNTIFS(Criterios!$C$2:$C$64,"A",Criterios!$G$2:$G$64,$A17,Criterios!$F$2:$F$64,"Sí") -> 31 | C17: =COUNTIFS(Criterios!$C$2:$C$64,"AA",Criterios!$G$2:$G$64,$A17,Criterios!$F$2:$F$64,"Sí") -> 24 | D17: =COUNTIFS(Criterios!$C$2:$C$64,"AAA",Criterios!$G$2:$G$64,$A17,Criterios!$F$2:$F$64,"Sí") -> 0 | E17: =B17+C17+D17 -> 55
A18: Total de criterios | B18: =SUM(B14:B17) -> 31 | C18: =SUM(C14:C17) -> 24 | D18: =SUM(D14:D17) -> 0 | E18: =SUM(E14:E17) -> 55
A19: Porcentaje evaluado (distinto de No evaluado) | E19: =IFERROR(1-E17/E18,0) -> 0
A21: Notas: la lista completa debe dar 63 criterios y la de AGESIC, 55. Si no, revisá la hoja Criterios. Cumplir todos los criterios no equivale a ser accesible: ver 04-evaluacion/01-principios-de-evaluacion.md.
